<productos>
<producto>
<id>1</id>
<nombre>Laptop HP Pavilion</nombre>
<descripcion>Portátil con procesador Intel Core i5, 8 GB de RAM y 512 GB de SSD.</descripcion>
<precio>799.99</precio>
<disponibilidad>10</disponibilidad>
<categoria>Electrónicos</categoria>
<fabricante>HP</fabricante>
<especificaciones>
<pantalla>15.6 pulgadas FHD</pantalla>
<sistema_operativo>Windows 10</sistema_operativo>
<puertos>
<puerto>USB-C</puerto>
<puerto>USB 3.0</puerto>
</puertos>
</especificaciones>
</producto>
<producto>
<id>2</id>
<nombre>Smartphone Samsung Galaxy S21</nombre>
<descripcion>Smartphone Android con pantalla de 6.2 pulgadas, cámara triple y 128 GB de almacenamiento.</descripcion>
<precio>899.99</precio>
<disponibilidad>15</disponibilidad>
<categoria>Teléfonos</categoria>
<fabricante>Samsung</fabricante>
<especificaciones>
<pantalla>6.2 pulgadas AMOLED</pantalla>
<camara>Triple cámara de 12MP + 12MP + 64MP</camara>
<bateria>4000 mAh</bateria>
</especificaciones>
</producto>
<producto>
<id>3</id>
<nombre>Tablet Lenovo Tab M10</nombre>
<descripcion>Tablet con pantalla de 10.1 pulgadas, procesador Quad-Core y 32 GB de almacenamiento.</descripcion>
<precio>199.99</precio>
<disponibilidad>20</disponibilidad>
<categoria>Tablets</categoria>
<fabricante>Lenovo</fabricante>
<especificaciones>
<pantalla>10.1 pulgadas IPS</pantalla>
<sistema_operativo>Android 9.0</sistema_operativo>
<almacenamiento>32 GB</almacenamiento>
</especificaciones>
</producto>
<producto>
<id>4</id>
<nombre>Auriculares Inalámbricos Sony WH-1000XM4</nombre>
<descripcion>Auriculares con cancelación de ruido, Bluetooth y hasta 30 horas de batería.</descripcion>
<precio>299.99</precio>
<disponibilidad>25</disponibilidad>
<categoria>Audio</categoria>
<fabricante>Sony</fabricante>
<especificaciones>
<cancelacion_ruido>Sí</cancelacion_ruido>
<conectividad>Bluetooth</conectividad>
<autonomia_bateria>30</autonomia_bateria>
</especificaciones>
</producto>
<producto>
<id>5</id>
<nombre>Televisor Samsung QLED Q80T</nombre>
<descripcion>Televisor 4K con tecnología Quantum Dot y pantalla de 55 pulgadas.</descripcion>
<precio>1299.99</precio>
<disponibilidad>8</disponibilidad>
<categoria>Electrónicos</categoria>
<fabricante>Samsung</fabricante>
<especificaciones>
<resolucion>4K UHD</resolucion>
<tecnologia>Quantum Dot</tecnologia>
<tamaño_pantalla>55 pulgadas</tamaño_pantalla>
</especificaciones>
</producto>
<producto>
<id>6</id>
<nombre>Cámara DSLR Canon EOS 80D</nombre>
<descripcion>Cámara réflex digital con sensor APS-C de 24.2 MP y grabación de video Full HD.</descripcion>
<precio>1099.99</precio>
<disponibilidad>12</disponibilidad>
<categoria>Fotografía</categoria>
<fabricante>Canon</fabricante>
<especificaciones>
<megapixeles>24.2 MP</megapixeles>
<grabacion_video>Full HD</grabacion_video>
<tipo_sensor>APS-C</tipo_sensor>
</especificaciones>
</producto>
<producto>
<id>7</id>
<nombre>Aspiradora Robot iRobot Roomba 960</nombre>
<descripcion>Aspiradora robot con tecnología de navegación visual y control mediante aplicación.</descripcion>
<precio>499.99</precio>
<disponibilidad>18</disponibilidad>
<categoria>Hogar</categoria>
<fabricante>iRobot</fabricante>
<especificaciones>
<tecnologia_navegacion>Visual</tecnologia_navegacion>
<control_app>Sí</control_app>
<autonomia_bateria>75 minutos</autonomia_bateria>
</especificaciones>
</producto>
<producto>
<id>8</id>
<nombre>Impresora 3D Creality Ender 3</nombre>
<descripcion>Impresora 3D de nivel de entrada con área de impresión de 220 x 220 x 250 mm.</descripcion>
<precio>249.99</precio>
<disponibilidad>10</disponibilidad>
<categoria>Tecnología</categoria>
<fabricante>Creality</fabricante>
<especificaciones>
<area_impresion>220 x 220 x 250 mm</area_impresion>
<tecnologia>FFF (Fused Filament Fabrication)</tecnologia>
<conectividad>USB, Tarjeta SD</conectividad>
</especificaciones>
</producto>
<producto>
<id>9</id>
<nombre>Bicicleta de Montaña Trek X-Caliber 9</nombre>
<descripcion>Bicicleta de montaña con cuadro de aluminio y transmisión Shimano Deore 1x12.</descripcion>
<precio>1299.99</precio>
<disponibilidad>7</disponibilidad>
<categoria>Deportes</categoria>
<fabricante>Trek</fabricante>
<especificaciones>
<material_cuadro>Aluminio</material_cuadro>
<transmision>Shimano Deore 1x12</transmision>
<tipo_freno>Freno de disco hidráulico</tipo_freno>
</especificaciones>
</producto>
<producto>
<id>10</id>
<nombre>Horno de Convección KitchenAid</nombre>
<descripcion>Horno de convección de acero inoxidable con capacidad para 12 pizzas.</descripcion>
<precio>449.99</precio>
<disponibilidad>15</disponibilidad>
<categoria>Electrodomésticos</categoria>
<fabricante>KitchenAid</fabricante>
<especificaciones>
<capacidad>12 pizzas</capacidad>
<tipo>Convección</tipo>
<control>Electrónico</control>
</especificaciones>
</producto>
<producto>
<id>11</id>
<nombre>Altavoces Bluetooth JBL Flip 5</nombre>
<descripcion>Altavoces portátiles Bluetooth resistentes al agua con hasta 12 horas de reproducción.</descripcion>
<precio>99.99</precio>
<disponibilidad>20</disponibilidad>
<categoria>Audio</categoria>
<fabricante>JBL</fabricante>
<especificaciones>
<resistencia_agua>Sí</resistencia_agua>
<autonomia_bateria>12</autonomia_bateria>
<conectividad>Bluetooth 4.2</conectividad>
</especificaciones>
</producto>
<producto>
<id>12</id>
<nombre>Silla de Oficina Ergonómica</nombre>
<descripcion>Silla de oficina con respaldo ajustable, apoyabrazos y soporte lumbar.</descripcion>
<precio>179.99</precio>
<disponibilidad>25</disponibilidad>
<categoria>Muebles</categoria>
<fabricante>OfiComfort</fabricante>
<especificaciones>
<respaldo_ajustable>Sí</respaldo_ajustable>
<apoyabrazos>Ajustables</apoyabrazos>
<soporte_lumbar>Sí</soporte_lumbar>
</especificaciones>
</producto>
<producto>
<id>13</id>
<nombre>Teclado Mecánico RGB Logitech G Pro X</nombre>
<descripcion>Teclado mecánico para juegos con interruptores intercambiables y retroiluminación RGB.</descripcion>
<precio>149.99</precio>
<disponibilidad>15</disponibilidad>
<categoria>Tecnología</categoria>
<fabricante>Logitech</fabricante>
<especificaciones>
<interruptores>Intercambiables</interruptores>
<retroiluminacion>RGB</retroiluminacion>
<conectividad>USB</conectividad>
</especificaciones>
</producto>
<producto>
<id>14</id>
<nombre>Cafetera Espresso Breville Barista Express</nombre>
<descripcion>Cafetera semiautomática con molinillo integrado para preparar café espresso de alta calidad.</descripcion>
<precio>699.99</precio>
<disponibilidad>10</disponibilidad>
<categoria>Electrodomésticos</categoria>
<fabricante>Breville</fabricante>
<especificaciones>
<tipo>Cafetera semiautomática</tipo>
<molinillo_integrado>Sí</molinillo_integrado>
<presion>15 bares</presion>
</especificaciones>
</producto>
<producto>
<id>15</id>
<nombre>Monitor Gaming ASUS ROG Swift PG279Q</nombre>
<descripcion>Monitor de 27 pulgadas con resolución 1440p, frecuencia de actualización de 165 Hz y tecnología G-Sync.</descripcion>
<precio>799.99</precio>
<disponibilidad>8</disponibilidad>
<categoria>Electrónicos</categoria>
<fabricante>ASUS</fabricante>
<especificaciones>
<tamaño_pantalla>27 pulgadas</tamaño_pantalla>
<resolucion>1440p</resolucion>
<frecuencia_actualizacion>165 Hz</frecuencia_actualizacion>
<tecnologia>G-Sync</tecnologia>
</especificaciones>
</producto>
</productos>